"STATION","DATE","PRCP","PRCP_ATTRIBUTES","SNOW","SNOW_ATTRIBUTES","SNWD","SNWD_ATTRIBUTES","TMAX","TMAX_ATTRIBUTES","TMIN","TMIN_ATTRIBUTES"
"USW00094728","2026-01-01","0.02",",,1,2400","0.5",",,1,2400","1.0",",,1,2400","36",",,1","22",",,1"
"USW00094728","2026-01-02","0.00","T,,1,2400","0.0","T,,1,2400","0.0","T,,1,2400","30",",,1","20",",,1"
"USW00094728","2026-01-03","0.00",",,1,2400","0.0",",,1,2400","0.0","T,,1,2400","30",",,1","23",",,1"
"USW00094728","2026-01-04","0.00","T,,1,2400","0.0","T,,1,2400","0.0",",,1,2400","35",",,1","26",",,1"
"USW00094728","2026-01-05","0.00",",,1,2400","0.0",",,1,2400","0.0",",,1,2400","39",",,1","29",",,1"
"USW00094728","2026-01-06","0.01",",,1,2400","0.0",",,1,2400","0.0",",,1,2400","42",",,1","35",",,1"
"USW00094728","2026-01-07","0.01",",,1,2400","0.0",",,1,2400","0.0",",,1,2400","49",",,1","37",",,1"
"USW00094728","2026-01-08","0.00",",,1,2400","0.0",",,1,2400","0.0",",,1,2400","50",",,1","42",",,1"
"USW00094728","2026-01-09","0.01",",,1,2400","0.0",",,1,2400","0.0",",,1,2400","54",",,1","39",",,1"
"USW00094728","2026-01-10","0.37",",,1,2400","0.0",",,1,2400","0.0",",,1,2400","52",",,1","39",",,1"
"USW00094728","2026-01-11","0.01",",,1,2400","0.0","T,,1,2400","0.0",",,1,2400","47",",,1","34",",,1"
"USW00094728","2026-01-12","0.00",",,1,2400","0.0",",,1,2400","0.0",",,1,2400","41",",,1","31",",,1"
"USW00094728","2026-01-13","0.00",",,1,2400","0.0",",,1,2400","0.0",",,1,2400","48",",,1","35",",,1"
"USW00094728","2026-01-14","0.00",",,1,2400","0.0",",,1,2400","0.0",",,1,2400","52",",,1","45",",,1"
"USW00094728","2026-01-15","0.00",",,1,2400","0.0",",,1,2400","0.0",",,1,2400","47",",,1","24",",,1"
"USW00094728","2026-01-16","0.00",",,1,2400","0.0",",,1,2400","0.0",",,1,2400","34",",,1","22",",,1"
"USW00094728","2026-01-17","0.17",",,1,2400","1.0",",,1,2400","0.0",",,1,2400","39",",,1","31",",,1"
"USW00094728","2026-01-18","0.28",",,1,2400","1.0",",,1,2400","1.0",",,1,2400","36",",,1","30",",,1"
"USW00094728","2026-01-19","0.00",",,1,2400","0.0",",,1,2400","1.0",",,1,2400","32",",,1","22",",,1"
"USW00094728","2026-01-20","0.00",",,1,2400","0.0",",,1,2400","1.0",",,1,2400","26",",,1","16",",,1"
"USW00094728","2026-01-21","0.00",",,1,2400","0.0",",,1,2400","1.0",",,1,2400","40",",,1","17",",,1"
"USW00094728","2026-01-22","0.00",",,1,2400","0.0",",,1,2400","1.0",",,1,2400","47",",,1","37",",,1"
"USW00094728","2026-01-23","0.00",",,1,2400","0.0",",,1,2400","0.0",",,1,2400","38",",,1","14",",,1"
"USW00094728","2026-01-24","0.00",",,1,2400","0.0",",,1,2400","0.0",",,1,2400","17",",,1","9",",,1"
"USW00094728","2026-01-25","1.80",",,1,2400","11.4",",,1,2400","1.0",",,1,2400","22",",,1","10",",,1"
"USW00094728","2026-01-26","0.02",",,1,2400","0.0","T,,1,2400","9.0",",,1,2400","27",",,1","17",",,1"
"USW00094728","2026-01-27","0.00",",,1,2400","0.0",",,1,2400","8.0",",,1,2400","22",",,1","15",",,1"
"USW00094728","2026-01-28","0.00",",,1,2400","0.0",",,1,2400","8.0",",,1,2400","23",",,1","14",",,1"
"USW00094728","2026-01-29","0.00",",,1,2400","0.0",",,1,2400","7.0",",,1,2400","23",",,1","11",",,1"
"USW00094728","2026-01-30","0.00",",,1,2400","0.0",",,1,2400","7.0",",,1,2400","18",",,1","9",",,1"
"USW00094728","2026-01-31","0.00",",,1,2400","0.0",",,1,2400","7.0",",,1,2400","24",",,1","10",",,1"
"USW00094728","2026-02-01","0.00","T,,1,2400","0.0","T,,1,2400","6.0",",,1,2400","24",",,1","10",",,1"
"USW00094728","2026-02-02","0.00",",,1,2400","0.0",",,1,2400","6.0",",,1,2400","35",",,1","14",",,1"
"USW00094728","2026-02-03","0.00",",,1,2400","0.0",",,1,2400","6.0",",,1,2400","33",",,1","23",",,1"
"USW00094728","2026-02-04","0.00",",,1,2400","0.0",",,1,2400","6.0",",,1,2400","33",",,1","26",",,1"
"USW00094728","2026-02-05","0.00",",,1,2400","0.0",",,1,2400","6.0",",,1,2400","32",",,1","20",",,1"
"USW00094728","2026-02-06","0.02",",,1,2400","0.1",",,1,2400","6.0",",,1,2400","33",",,1","23",",,1"
