zip,borough,lat,lon,geocoded_points,complaints_2016,complaints_2026,height_norm_2016,height_norm_2026
10001,MANHATTAN,40.749767,-73.994709,85,15,70,0.1363,0.2945
10002,MANHATTAN,40.716796,-73.986893,114,17,97,0.1451,0.3467
10003,MANHATTAN,40.731616,-73.987729,106,31,75,0.196,0.3049
10004,MANHATTAN,40.704917,-74.01156,27,2,25,0.0498,0.176
10005,MANHATTAN,40.706024,-74.008129,12,1,11,0.0352,0.1168
10006,MANHATTAN,40.708005,-74.014551,3,0,3,0.0,0.061
10007,MANHATTAN,40.714247,-74.009804,39,9,30,0.1056,0.1928
10009,MANHATTAN,40.723712,-73.980748,97,22,75,0.1651,0.3049
10010,MANHATTAN,40.738831,-73.983148,81,6,75,0.0862,0.3049
10011,MANHATTAN,40.743502,-74.000011,172,22,150,0.1651,0.4311
10012,MANHATTAN,40.725545,-73.998934,68,17,51,0.1451,0.2514
10013,MANHATTAN,40.719848,-74.004391,108,18,90,0.1493,0.334
10014,MANHATTAN,40.732588,-74.004263,104,20,84,0.1574,0.3226
10016,MANHATTAN,40.745615,-73.978809,88,19,69,0.1534,0.2924
10017,MANHATTAN,40.751567,-73.972816,66,6,60,0.0862,0.2727
10018,MANHATTAN,40.754534,-73.989692,37,6,31,0.0862,0.196
10019,MANHATTAN,40.76552,-73.987364,93,11,82,0.1168,0.3188
10021,MANHATTAN,40.769146,-73.956574,55,4,51,0.0704,0.2514
10022,MANHATTAN,40.758742,-73.967046,79,11,68,0.1168,0.2903
10023,MANHATTAN,40.776823,-73.982093,59,19,40,0.1534,0.2226
10024,MANHATTAN,40.786593,-73.974754,64,18,46,0.1493,0.2387
10025,MANHATTAN,40.799132,-73.967296,99,27,72,0.1829,0.2987
10026,MANHATTAN,40.803104,-73.952028,48,8,40,0.0996,0.2226
10027,MANHATTAN,40.810444,-73.949028,118,19,99,0.1534,0.3503
10028,MANHATTAN,40.777288,-73.953849,75,19,56,0.1534,0.2634
10029,MANHATTAN,40.794139,-73.944322,95,19,76,0.1534,0.3069
10030,MANHATTAN,40.817449,-73.943747,38,8,30,0.0996,0.1928
10031,MANHATTAN,40.824563,-73.949054,83,13,70,0.1269,0.2945
10032,MANHATTAN,40.835128,-73.941634,61,9,52,0.1056,0.2538
10033,MANHATTAN,40.850855,-73.935858,58,16,42,0.1408,0.2281
10034,MANHATTAN,40.867199,-73.919849,54,7,47,0.0931,0.2413
10035,MANHATTAN,40.801515,-73.937777,54,12,42,0.1219,0.2281
10036,MANHATTAN,40.759794,-73.990081,65,10,55,0.1113,0.2611
10037,MANHATTAN,40.814055,-73.936227,47,3,44,0.061,0.2335
10038,MANHATTAN,40.709032,-74.005176,55,3,52,0.061,0.2538
10039,MANHATTAN,40.823572,-73.938435,46,3,43,0.061,0.2308
10040,MANHATTAN,40.856899,-73.930016,64,9,55,0.1056,0.2611
10041,MANHATTAN,40.703608,-74.009691,1,0,1,0.0,0.0352
10044,MANHATTAN,40.769172,-73.943363,1,0,1,0.0,0.0352
10065,MANHATTAN,40.765301,-73.964392,77,16,61,0.1408,0.2749
10069,MANHATTAN,40.774324,-73.991616,1,0,1,0.0,0.0352
10075,MANHATTAN,40.773193,-73.954721,49,15,34,0.1363,0.2053
10103,MANHATTAN,40.760143,-73.976862,1,0,1,0.0,0.0352
10119,MANHATTAN,40.760857,-73.979717,3,0,3,0.0,0.061
10128,MANHATTAN,40.78115,-73.949463,83,14,69,0.1317,0.2924
10152,MANHATTAN,40.758786,-73.972801,2,0,2,0.0,0.0498
10166,MANHATTAN,40.752509,-73.976716,1,0,1,0.0,0.0352
10278,MANHATTAN,40.716015,-74.004744,1,0,1,0.0,0.0352
10279,MANHATTAN,40.712265,-74.007892,1,0,1,0.0,0.0352
10280,MANHATTAN,40.707752,-74.017419,6,0,6,0.0,0.0862
10282,MANHATTAN,40.716667,-74.01399,5,0,5,0.0,0.0787
10301,STATEN ISLAND,40.636594,-74.089544,642,41,601,0.2254,0.863
10302,STATEN ISLAND,40.6309,-74.138946,175,19,156,0.1534,0.4397
10303,STATEN ISLAND,40.63216,-74.159416,174,27,147,0.1829,0.4268
10304,STATEN ISLAND,40.614315,-74.086708,417,30,387,0.1928,0.6925
10305,STATEN ISLAND,40.599062,-74.07458,399,44,355,0.2335,0.6633
10306,STATEN ISLAND,40.567673,-74.118788,481,59,422,0.2704,0.7231
10307,STATEN ISLAND,40.510381,-74.242522,113,16,97,0.1408,0.3467
10308,STATEN ISLAND,40.552073,-74.150885,325,31,294,0.196,0.6036
10309,STATEN ISLAND,40.530552,-74.214994,330,38,292,0.217,0.6015
10310,STATEN ISLAND,40.631652,-74.115106,313,41,272,0.2254,0.5806
10312,STATEN ISLAND,40.549485,-74.182248,680,83,597,0.3207,0.8601
10314,STATEN ISLAND,40.610016,-74.140911,910,103,807,0.3573,1.0
10451,BRONX,40.823046,-73.922621,134,26,108,0.1795,0.3658
10452,BRONX,40.835784,-73.924267,157,14,143,0.1317,0.421
10453,BRONX,40.851911,-73.916544,114,15,99,0.1363,0.3503
10454,BRONX,40.808248,-73.919896,102,13,89,0.1269,0.3321
10455,BRONX,40.814268,-73.908401,96,4,92,0.0704,0.3376
10456,BRONX,40.830988,-73.908543,107,15,92,0.1363,0.3376
10457,BRONX,40.848256,-73.899115,116,9,107,0.1056,0.3641
10458,BRONX,40.861132,-73.887191,137,15,122,0.1363,0.3888
10459,BRONX,40.828756,-73.893686,96,9,87,0.1056,0.3283
10460,BRONX,40.840494,-73.880256,130,24,106,0.1725,0.3624
10461,BRONX,40.847439,-73.843329,352,47,305,0.2413,0.6148
10462,BRONX,40.844595,-73.859054,213,35,178,0.2083,0.4696
10463,BRONX,40.882363,-73.907286,260,48,212,0.2439,0.5125
10464,BRONX,40.846471,-73.78721,93,24,69,0.1725,0.2924
10465,BRONX,40.826621,-73.81999,284,35,249,0.2083,0.5555
10466,BRONX,40.890162,-73.849422,183,23,160,0.1688,0.4453
10467,BRONX,40.876298,-73.867485,199,33,166,0.2022,0.4535
10468,BRONX,40.864671,-73.90229,74,10,64,0.1113,0.2816
10469,BRONX,40.866825,-73.847987,214,42,172,0.2281,0.4617
10470,BRONX,40.899777,-73.865141,73,5,68,0.0787,0.2903
10471,BRONX,40.903308,-73.903112,130,8,122,0.0996,0.3888
10472,BRONX,40.828546,-73.872788,144,21,123,0.1613,0.3904
10473,BRONX,40.819073,-73.859387,134,13,121,0.1269,0.3872
10474,BRONX,40.816187,-73.887883,24,3,21,0.061,0.1613
10475,BRONX,40.875903,-73.828524,71,5,66,0.0787,0.286
11001,QUEENS,40.73119,-73.708671,20,3,17,0.061,0.1451
11004,QUEENS,40.745045,-73.71407,64,17,47,0.1451,0.2413
11040,QUEENS,40.747956,-73.702769,23,2,21,0.0498,0.1613
11101,QUEENS,40.746825,-73.939438,428,43,385,0.2308,0.6907
11102,QUEENS,40.772103,-73.922921,254,26,228,0.1795,0.5315
11103,QUEENS,40.761702,-73.915661,244,38,206,0.217,0.5052
11104,QUEENS,40.743789,-73.923177,138,20,118,0.1574,0.3824
11105,QUEENS,40.776335,-73.910819,303,35,268,0.2083,0.5763
11106,QUEENS,40.761971,-73.928665,221,22,199,0.1651,0.4966
11109,QUEENS,40.746242,-73.956557,4,1,3,0.0352,0.061
11201,BROOKLYN,40.692673,-73.990088,283,46,237,0.2387,0.5419
11203,BROOKLYN,40.652518,-73.934845,205,23,182,0.1688,0.4749
11204,BROOKLYN,40.618731,-73.982647,265,36,229,0.2112,0.5327
11205,BROOKLYN,40.693362,-73.963695,223,31,192,0.196,0.4878
11206,BROOKLYN,40.700823,-73.944201,319,71,248,0.2966,0.5544
11207,BROOKLYN,40.672811,-73.895104,327,52,275,0.2538,0.5838
11208,BROOKLYN,40.676755,-73.87265,292,44,248,0.2335,0.5544
11209,BROOKLYN,40.625019,-74.030259,356,40,316,0.2226,0.6258
11210,BROOKLYN,40.627147,-73.948238,278,37,241,0.2141,0.5465
11211,BROOKLYN,40.713575,-73.951286,422,99,323,0.3503,0.6327
11212,BROOKLYN,40.663171,-73.912351,161,19,142,0.1534,0.4195
11213,BROOKLYN,40.670546,-73.936988,267,53,214,0.2563,0.515
11214,BROOKLYN,40.601881,-73.995545,279,26,253,0.1795,0.5599
11215,BROOKLYN,40.668298,-73.984101,488,98,390,0.3485,0.6952
11216,BROOKLYN,40.680932,-73.949852,299,63,236,0.2794,0.5408
11217,BROOKLYN,40.681223,-73.978276,297,52,245,0.2538,0.551
11218,BROOKLYN,40.643166,-73.975386,431,64,367,0.2816,0.6744
11219,BROOKLYN,40.633905,-73.995413,244,33,211,0.2022,0.5113
11220,BROOKLYN,40.640646,-74.018284,206,38,168,0.217,0.4563
11221,BROOKLYN,40.691348,-73.928015,344,78,266,0.3109,0.5741
11222,BROOKLYN,40.727311,-73.950924,319,34,285,0.2053,0.5943
11223,BROOKLYN,40.597601,-73.971041,379,45,334,0.2361,0.6433
11224,BROOKLYN,40.576706,-73.995382,123,8,115,0.0996,0.3775
11225,BROOKLYN,40.663023,-73.955554,301,28,273,0.1863,0.5816
11226,BROOKLYN,40.646431,-73.958667,366,45,321,0.2361,0.6307
11228,BROOKLYN,40.61885,-74.012349,173,21,152,0.1613,0.434
11229,BROOKLYN,40.601321,-73.952761,509,76,433,0.3069,0.7325
11230,BROOKLYN,40.624165,-73.966857,508,79,429,0.3129,0.7291
11231,BROOKLYN,40.679855,-73.999441,219,30,189,0.1928,0.4839
11232,BROOKLYN,40.657216,-73.999362,119,21,98,0.1613,0.3485
11233,BROOKLYN,40.679108,-73.920908,274,45,229,0.2361,0.5327
11234,BROOKLYN,40.618536,-73.924299,457,67,390,0.2881,0.6952
11235,BROOKLYN,40.584936,-73.954102,391,40,351,0.2226,0.6595
11236,BROOKLYN,40.640274,-73.903013,240,41,199,0.2254,0.4966
11237,BROOKLYN,40.703434,-73.92095,176,30,146,0.1928,0.4253
11238,BROOKLYN,40.68015,-73.963203,419,81,338,0.3168,0.6472
11239,BROOKLYN,40.650465,-73.879833,23,3,20,0.061,0.1574
11249,BROOKLYN,40.713792,-73.962681,166,18,148,0.1493,0.4282
11251,BROOKLYN,40.700342,-73.962359,1,0,1,0.0,0.0352
11354,QUEENS,40.765309,-73.824671,171,37,134,0.2141,0.4075
11355,QUEENS,40.752857,-73.820205,173,42,131,0.2281,0.4029
11356,QUEENS,40.787194,-73.842639,124,18,106,0.1493,0.3624
11357,QUEENS,40.785559,-73.811659,267,60,207,0.2727,0.5065
11358,QUEENS,40.760787,-73.793474,205,50,155,0.2489,0.4383
11360,QUEENS,40.782438,-73.781721,93,19,74,0.1534,0.3028
11361,QUEENS,40.764583,-73.77311,188,38,150,0.217,0.4311
11362,QUEENS,40.764693,-73.734314,154,34,120,0.2053,0.3856
11363,QUEENS,40.772502,-73.744172,84,13,71,0.1269,0.2966
11364,QUEENS,40.74703,-73.75757,160,37,123,0.2141,0.3904
11365,QUEENS,40.73718,-73.794564,204,50,154,0.2489,0.4368
11366,QUEENS,40.727006,-73.796286,104,16,88,0.1408,0.3302
11367,QUEENS,40.728498,-73.82138,238,49,189,0.2464,0.4839
11368,QUEENS,40.74676,-73.858701,177,23,154,0.1688,0.4368
11369,QUEENS,40.763007,-73.873613,110,16,94,0.1408,0.3413
11370,QUEENS,40.763954,-73.890609,107,13,94,0.1269,0.3413
11372,QUEENS,40.751909,-73.885126,136,39,97,0.2198,0.3467
11373,QUEENS,40.738221,-73.879337,220,50,170,0.2489,0.459
11374,QUEENS,40.724936,-73.85976,206,36,170,0.2112,0.459
11375,QUEENS,40.719627,-73.848556,449,98,351,0.3485,0.6595
11377,QUEENS,40.744304,-73.906075,361,55,306,0.2611,0.6158
11378,QUEENS,40.725363,-73.898853,262,49,213,0.2464,0.5138
11379,QUEENS,40.716852,-73.881844,322,42,280,0.2281,0.589
11385,QUEENS,40.704212,-73.897153,595,98,497,0.3485,0.7848
11411,QUEENS,40.695679,-73.741376,74,14,60,0.1317,0.2727
11412,QUEENS,40.699261,-73.760729,145,21,124,0.1613,0.392
11413,QUEENS,40.671861,-73.752772,227,35,192,0.2083,0.4878
11414,QUEENS,40.662228,-73.845265,160,22,138,0.1651,0.4135
11415,QUEENS,40.709134,-73.831133,152,31,121,0.196,0.3872
11416,QUEENS,40.684508,-73.849197,101,23,78,0.1688,0.3109
11417,QUEENS,40.678282,-73.843329,188,26,162,0.1795,0.448
11418,QUEENS,40.699428,-73.835457,213,36,177,0.2112,0.4683
11419,QUEENS,40.689436,-73.824669,181,19,162,0.1534,0.448
11420,QUEENS,40.675771,-73.816951,199,32,167,0.1991,0.4549
11421,QUEENS,40.69096,-73.859318,122,34,88,0.2053,0.3302
11422,QUEENS,40.661378,-73.735805,132,13,119,0.1269,0.384
11423,QUEENS,40.715408,-73.768639,161,22,139,0.1651,0.415
11426,QUEENS,40.732792,-73.721347,90,20,70,0.1574,0.2945
11427,QUEENS,40.729218,-73.748539,100,20,80,0.1574,0.3149
11428,QUEENS,40.722224,-73.738309,59,8,51,0.0996,0.2514
11429,QUEENS,40.709425,-73.737752,113,13,100,0.1269,0.352
11430,QUEENS,40.665091,-73.806118,4,0,4,0.0,0.0704
11432,QUEENS,40.711932,-73.795382,299,53,246,0.2563,0.5521
11433,QUEENS,40.698807,-73.788588,201,26,175,0.1795,0.4657
11434,QUEENS,40.677759,-73.775308,298,27,271,0.1829,0.5795
11435,QUEENS,40.701073,-73.809336,320,28,292,0.1863,0.6015
11436,QUEENS,40.67522,-73.795757,104,10,94,0.1113,0.3413
11691,QUEENS,40.601611,-73.753985,266,15,251,0.1363,0.5577
11692,QUEENS,40.59313,-73.79751,78,5,73,0.0787,0.3008
11693,QUEENS,40.588001,-73.816014,71,17,54,0.1451,0.2587
11694,QUEENS,40.57978,-73.838391,119,11,108,0.1168,0.3658
11697,QUEENS,40.566826,-73.889567,3,1,2,0.0352,0.0498
